{
  "id": "ecommerce-oauth2-env",
  "name": "E-commerce OAuth 2.0 Environment",
  "values": [
    {
      "key": "auth_service_url",
      "value": "http://localhost:3001",
      "description": "Auth Service Base URL",
      "enabled": true
    },
    {
      "key": "product_service_url",
      "value": "http://localhost:3002",
      "description": "Product Service Base URL",
      "enabled": true
    },
    {
      "key": "frontend_service_url",
      "value": "http://localhost:3000",
      "description": "Frontend Service Base URL",
      "enabled": true
    },
    {
      "key": "admin_email",
      "value": "admin@ecommerce.com",
      "description": "Admin user email",
      "enabled": true
    },
    {
      "key": "admin_password",
      "value": "admin123",
      "description": "Admin user password",
      "enabled": true
    },
    {
      "key": "viewer_email",
      "value": "viewer@ecommerce.com",
      "description": "Viewer user email",
      "enabled": true
    },
    {
      "key": "viewer_password",
      "value": "viewer123",
      "description": "Viewer user password",
      "enabled": true
    },
    {
      "key": "customer_email",
      "value": "customer@ecommerce.com",
      "description": "Customer user email",
      "enabled": true
    },
    {
      "key": "customer_password",
      "value": "customer123",
      "description": "Customer user password",
      "enabled": true
    },
    {
      "key": "admin_token",
      "value": "",
      "description": "Admin JWT Access Token (auto-saved)",
      "enabled": true
    },
    {
      "key": "viewer_token",
      "value": "",
      "description": "Viewer JWT Access Token (auto-saved)",
      "enabled": true
    },
    {
      "key": "customer_token",
      "value": "",
      "description": "Customer JWT Access Token (auto-saved)",
      "enabled": true
    },
    {
      "key": "test_product_id",
      "value": "",
      "description": "ID of test product created (auto-saved)",
      "enabled": true
    }
  ],
  "_postman_variable_scope": "environment"
}
